Time,Measure type,Price,Volume,Protein,Butterfat,Unit of Measure
1986-10,Price,0.1697,,,,Pounds per litre
2000-04,Volume,,1177.0,,,Million litres
1994-12,Protein,,,3.21,,Percentage
1997-10,Price,0.2082,,,,Pounds per litre
2002-10,Protein,,,3.41,,Percentage
1998-06,Protein,,,3.31,,Percentage
2013-10,Protein,,,3.32,,Percentage
2012-05,Volume,,1252.0,,,Million litres
2001-05,Volume,,1304.0,,,Million litres
1997-05,Protein,,,3.33,,Percentage
2013-06,Volume,,1177.0,,,Million litres
2002-06,Volume,,1215.0,,,Million litres
1996-04,Protein,,,3.18,,Percentage
2014-07,Volume,,1225.0,,,Million litres
2002-09,Butterfat,,,,3.95,Percentage
2003-07,Volume,,1232.0,,,Million litres
2009-11,Price,0.2487,,,,Pounds per litre
1995-03,Protein,,,3.14,,Percentage
2013-09,Butterfat,,,,4.06,Percentage
2015-08,Volume,,1211.0,,,Million litres
2001-08,Butterfat,,,,3.9,Percentage
2004-08,Volume,,1143.0,,,Million litres
2009-06,Protein,,,3.24,,Percentage
2012-08,Butterfat,,,,4.0,Percentage
2008-10,Price,0.2736,,,,Pounds per litre
2016-09,Volume,,1078.0,,,Million litres
2019-10,Price,0.294,,,,Pounds per litre
2000-07,Butterfat,,,,3.86,Percentage
2005-09,Volume,,1067.0,,,Million litres
2011-07,Butterfat,,,,3.92,Percentage
2008-05,Protein,,,3.26,,Percentage
2019-05,Protein,,,3.36,,Percentage
2010-06,Butterfat,,,,3.76,Percentage
2007-04,Protein,,,3.27,,Percentage
2018-04,Protein,,,3.27,,Percentage
1979-03,Price,0.1112,,,,Pounds per litre
2006-03,Protein,,,3.23,,Percentage
1978-02,Price,0.1025,,,,Pounds per litre
2020-05,Butterfat,,,,3.99,Percentage
2017-03,Protein,,,3.26,,Percentage
1989-02,Price,0.1761,,,,Pounds per litre
2020-02,Volume,,1181.0,,,Million litres
2005-02,Protein,,,3.21,,Percentage
1977-12,Price,0.1045,,,,Pounds per litre
2016-02,Protein,,,3.28,,Percentage
1988-12,Price,0.17809999999999998,,,,Pounds per litre
1977-01,Price,0.1015,,,,Pounds per litre
2004-12,Protein,,,3.29,,Percentage
1999-12,Price,0.17329999999999998,,,,Pounds per litre
1988-01,Price,0.1675,,,,Pounds per litre
1999-01,Price,0.1923,,,,Pounds per litre
1976-11,Price,0.0998,,,,Pounds per litre
2010-03,Volume,,1116.0,,,Million litres
2015-12,Protein,,,3.32,,Percentage
2004-01,Protein,,,3.21,,Percentage
2015-01,Protein,,,3.28,,Percentage
1987-11,Price,0.17059999999999997,,,,Pounds per litre
1998-11,Price,0.196,,,,Pounds per litre
2003-11,Protein,,,3.36,,Percentage
1999-07,Protein,,,3.3,,Percentage
1975-10,Price,0.0861,,,,Pounds per litre
2011-04,Volume,,1191.0,,,Million litres
2014-11,Protein,,,3.33,,Percentage
2007-03,Protein,,,3.25,,Percentage
2018-03,Protein,,,3.32,,Percentage
2020-04,Butterfat,,,,4.11,Percentage
2006-02,Protein,,,3.23,,Percentage
1979-02,Price,0.1125,,,,Pounds per litre
2017-02,Protein,,,3.27,,Percentage
2005-12,Protein,,,3.31,,Percentage
1978-12,Price,0.1124,,,,Pounds per litre
2020-03,Volume,,1307.0,,,Million litres
2016-12,Protein,,,3.36,,Percentage
2005-01,Protein,,,3.24,,Percentage
1989-12,Price,0.18239999999999998,,,,Pounds per litre
1978-01,Price,0.1043,,,,Pounds per litre
1989-01,Price,0.17579999999999998,,,,Pounds per litre
2016-01,Protein,,,3.28,,Percentage
2004-11,Protein,,,3.33,,Percentage
1977-11,Price,0.10779999999999999,,,,Pounds per litre
1988-11,Price,0.18309999999999998,,,,Pounds per litre
2015-11,Protein,,,3.36,,Percentage
1999-11,Price,0.1766,,,,Pounds per litre
2010-04,Volume,,1133.0,,,Million litres
1976-10,Price,0.099,,,,Pounds per litre
2003-10,Protein,,,3.44,,Percentage
1999-06,Protein,,,3.31,,Percentage
1987-10,Price,0.1745,,,,Pounds per litre
2014-10,Protein,,,3.34,,Percentage
1994-11,Protein,,,3.26,,Percentage
1998-10,Price,0.20149999999999998,,,,Pounds per litre
2011-05,Volume,,1253.0,,,Million litres
2000-05,Volume,,1292.0,,,Million litres
1998-05,Protein,,,3.31,,Percentage
2012-06,Volume,,1186.0,,,Million litres
2003-09,Butterfat,,,,4.02,Percentage
2001-06,Volume,,1220.0,,,Million litres
1997-04,Protein,,,3.3,,Percentage
2014-09,Butterfat,,,,3.97,Percentage
2013-07,Volume,,1144.0,,,Million litres
2002-08,Butterfat,,,,3.86,Percentage
2002-07,Volume,,1199.0,,,Million litres
1996-03,Protein,,,3.2,,Percentage
2013-08,Butterfat,,,,3.92,Percentage
2014-08,Volume,,1178.0,,,Million litres
1995-02,Protein,,,3.12,,Percentage
2001-07,Butterfat,,,,3.86,Percentage
2003-08,Volume,,1181.0,,,Million litres
2012-07,Butterfat,,,,3.94,Percentage
2015-09,Volume,,1166.0,,,Million litres
2009-10,Price,0.2444,,,,Pounds per litre
2009-05,Protein,,,3.26,,Percentage
2000-06,Butterfat,,,,3.9,Percentage
2004-09,Volume,,1074.0,,,Million litres
2011-06,Butterfat,,,,3.94,Percentage
2008-04,Protein,,,3.26,,Percentage
2010-05,Butterfat,,,,3.8,Percentage
2019-04,Protein,,,3.36,,Percentage
2013-07,Butterfat,,,,3.82,Percentage
2013-08,Volume,,1116.0,,,Million litres
1996-02,Protein,,,3.2,,Percentage
2001-06,Butterfat,,,,3.84,Percentage
2002-08,Volume,,1139.0,,,Million litres
1995-12,Protein,,,3.3,,Percentage
2012-06,Butterfat,,,,3.93,Percentage
2014-09,Volume,,1147.0,,,Million litres
1995-01,Protein,,,3.16,,Percentage
2000-05,Butterfat,,,,3.91,Percentage
2003-09,Volume,,1101.0,,,Million litres
2011-05,Butterfat,,,,3.9,Percentage
2009-04,Protein,,,3.23,,Percentage
2010-04,Butterfat,,,,3.94,Percentage
2008-03,Protein,,,3.25,,Percentage
2019-03,Protein,,,3.33,,Percentage
2007-02,Protein,,,3.25,,Percentage
2020-03,Butterfat,,,,4.22,Percentage
2018-02,Protein,,,3.32,,Percentage
2006-12,Protein,,,3.34,,Percentage
2017-12,Protein,,,3.37,,Percentage
2006-01,Protein,,,3.25,,Percentage
2017-01,Protein,,,3.28,,Percentage
1979-12,Price,0.1226,,,,Pounds per litre
1979-01,Price,0.11289999999999999,,,,Pounds per litre
2005-11,Protein,,,3.34,,Percentage
2016-11,Protein,,,3.39,,Percentage
1978-11,Price,0.11259999999999999,,,,Pounds per litre
2020-04,Volume,,1328.0,,,Million litres
2004-10,Protein,,,3.37,,Percentage
1989-11,Price,0.18170000000000003,,,,Pounds per litre
2015-10,Protein,,,3.41,,Percentage
1977-10,Price,0.107,,,,Pounds per litre
1999-05,Protein,,,3.31,,Percentage
1988-10,Price,0.18530000000000002,,,,Pounds per litre
2010-05,Volume,,1243.0,,,Million litres
1999-10,Price,0.1809,,,,Pounds per litre
2004-09,Butterfat,,,,4.05,Percentage
2015-09,Butterfat,,,,4.03,Percentage
2011-06,Volume,,1172.0,,,Million litres
1998-04,Protein,,,3.21,,Percentage
2003-08,Butterfat,,,,3.87,Percentage
2000-06,Volume,,1169.0,,,Million litres
2014-08,Butterfat,,,,3.92,Percentage
2012-07,Volume,,1116.0,,,Million litres
1997-03,Protein,,,3.19,,Percentage
2002-07,Butterfat,,,,3.84,Percentage
2001-07,Volume,,1187.0,,,Million litres
2016-10,Protein,,,3.38,,Percentage
1979-11,Price,0.1223,,,,Pounds per litre
2005-09,Butterfat,,,,4.04,Percentage
2020-05,Volume,,1383.0,,,Million litres
2016-09,Butterfat,,,,4.09,Percentage
1978-10,Price,0.1116,,,,Pounds per litre
1989-10,Price,0.2144,,,,Pounds per litre
2004-08,Butterfat,,,,3.89,Percentage
1999-04,Protein,,,3.22,,Percentage
2015-08,Butterfat,,,,3.99,Percentage
2010-06,Volume,,1179.0,,,Million litres
2003-07,Butterfat,,,,3.83,Percentage
1998-03,Protein,,,3.19,,Percentage
2014-07,Butterfat,,,,3.84,Percentage
2011-07,Volume,,1161.0,,,Million litres
2002-06,Butterfat,,,,3.89,Percentage
2000-07,Volume,,1175.0,,,Million litres
1997-02,Protein,,,3.19,,Percentage
2013-06,Butterfat,,,,3.84,Percentage
2012-08,Volume,,1063.0,,,Million litres
1996-12,Protein,,,3.3,,Percentage
2001-05,Butterfat,,,,3.85,Percentage
2001-08,Volume,,1136.0,,,Million litres
2012-05,Butterfat,,,,3.97,Percentage
1996-01,Protein,,,3.22,,Percentage
2013-09,Volume,,1063.0,,,Million litres
2000-04,Butterfat,,,,4.06,Percentage
2002-09,Volume,,1071.0,,,Million litres
1995-11,Protein,,,3.35,,Percentage
2011-04,Butterfat,,,,4.02,Percentage
2010-03,Butterfat,,,,4.04,Percentage
2009-03,Protein,,,3.21,,Percentage
1994-09,Butterfat,,,,4.19,Percentage
2008-02,Protein,,,3.22,,Percentage
2019-02,Protein,,,3.34,,Percentage
2020-02,Butterfat,,,,4.19,Percentage
2007-12,Protein,,,3.32,,Percentage
2018-12,Protein,,,3.37,,Percentage
2007-01,Protein,,,3.28,,Percentage
2018-01,Protein,,,3.32,,Percentage
2006-11,Protein,,,3.38,,Percentage
2017-11,Protein,,,3.38,,Percentage
2005-10,Protein,,,3.36,,Percentage
1994-08,Butterfat,,,,4.01,Percentage
2009-02,Protein,,,3.23,,Percentage
2008-12,Protein,,,3.32,,Percentage
2020-01,Butterfat,,,,4.17,Percentage
2019-12,Protein,,,3.41,,Percentage
2008-01,Protein,,,3.25,,Percentage
2019-01,Protein,,,3.33,,Percentage
2007-11,Protein,,,3.39,,Percentage
2018-11,Protein,,,3.44,,Percentage
2006-10,Protein,,,3.38,,Percentage
2006-09,Butterfat,,,,4.06,Percentage
2017-10,Protein,,,3.38,,Percentage
2017-09,Butterfat,,,,4.13,Percentage
2005-08,Butterfat,,,,3.93,Percentage
2016-08,Butterfat,,,,3.98,Percentage
1979-10,Price,0.1191,,,,Pounds per litre
2004-07,Butterfat,,,,3.87,Percentage
2015-07,Butterfat,,,,3.83,Percentage
2020-06,Volume,,1281.0,,,Million litres
2003-06,Butterfat,,,,3.79,Percentage
1999-03,Protein,,,3.21,,Percentage
2014-06,Butterfat,,,,3.84,Percentage
2010-07,Volume,,1141.0,,,Million litres
1998-02,Protein,,,3.22,,Percentage
2002-05,Butterfat,,,,3.89,Percentage
2013-05,Butterfat,,,,3.91,Percentage
2011-08,Volume,,1105.0,,,Million litres
1997-12,Protein,,,3.3,,Percentage
1997-01,Protein,,,3.25,,Percentage
2001-04,Butterfat,,,,4.05,Percentage
2000-08,Volume,,1133.0,,,Million litres
2012-04,Butterfat,,,,4.06,Percentage
2012-09,Volume,,997.0,,,Million litres
1996-11,Protein,,,3.34,,Percentage
2000-03,Butterfat,,,,4.03,Percentage
2001-09,Volume,,1061.0,,,Million litres
2011-03,Butterfat,,,,4.08,Percentage
1995-10,Protein,,,3.36,,Percentage
1995-09,Butterfat,,,,4.07,Percentage
2010-02,Butterfat,,,,4.07,Percentage
2002-04,Butterfat,,,,3.99,Percentage
1998-12,Protein,,,3.26,,Percentage
2013-04,Butterfat,,,,4.1,Percentage
2010-08,Volume,,1109.0,,,Million litres
1998-01,Protein,,,3.25,,Percentage
2001-03,Butterfat,,,,4.06,Percentage
2012-03,Butterfat,,,,4.1,Percentage
1997-11,Protein,,,3.36,,Percentage
2011-09,Volume,,1042.0,,,Million litres
1996-09,Butterfat,,,,4.07,Percentage
2000-02,Butterfat,,,,4.04,Percentage
2000-09,Volume,,1058.0,,,Million litres
2011-02,Butterfat,,,,3.99,Percentage
1996-10,Protein,,,3.38,,Percentage
1995-08,Butterfat,,,,3.92,Percentage
2010-12,Butterfat,,,,4.15,Percentage
2010-01,Butterfat,,,,4.11,Percentage
1994-07,Butterfat,,,,3.96,Percentage
2020-11,Butterfat,,,,4.31,Percentage
2009-12,Protein,,,3.32,,Percentage
2009-01,Protein,,,3.27,,Percentage
2008-11,Protein,,,3.36,,Percentage
2019-11,Protein,,,3.47,,Percentage
2007-09,Butterfat,,,,4.06,Percentage
2018-09,Butterfat,,,,4.09,Percentage
2007-10,Protein,,,3.42,,Percentage
2018-10,Protein,,,3.44,,Percentage
2006-08,Butterfat,,,,3.97,Percentage
2017-08,Butterfat,,,,4.01,Percentage
2005-07,Butterfat,,,,3.9,Percentage
2016-07,Butterfat,,,,3.94,Percentage
2004-06,Butterfat,,,,3.81,Percentage
2015-06,Butterfat,,,,3.9,Percentage
2003-05,Butterfat,,,,3.82,Percentage
2020-07,Volume,,1261.0,,,Million litres
2014-05,Butterfat,,,,3.9,Percentage
1999-02,Protein,,,3.21,,Percentage
2017-07,Butterfat,,,,3.93,Percentage
2005-06,Butterfat,,,,3.86,Percentage
2016-06,Butterfat,,,,3.94,Percentage
2004-05,Butterfat,,,,3.81,Percentage
2015-05,Butterfat,,,,3.91,Percentage
2003-04,Butterfat,,,,3.89,Percentage
2014-04,Butterfat,,,,4.01,Percentage
1999-12,Protein,,,3.31,,Percentage
2002-03,Butterfat,,,,4.05,Percentage
2020-08,Volume,,1200.0,,,Million litres
1999-01,Protein,,,3.22,,Percentage
2013-03,Butterfat,,,,4.13,Percentage
1997-09,Butterfat,,,,4.06,Percentage
1998-11,Protein,,,3.33,,Percentage
2001-02,Butterfat,,,,4.02,Percentage
2012-02,Butterfat,,,,4.13,Percentage
2000-12,Butterfat,,,,4.08,Percentage
2010-09,Volume,,1065.0,,,Million litres
1996-08,Butterfat,,,,4.03,Percentage
2011-12,Butterfat,,,,4.2,Percentage
2000-01,Butterfat,,,,4.08,Percentage
1997-10,Protein,,,3.39,,Percentage
2011-01,Butterfat,,,,4.03,Percentage
1995-07,Butterfat,,,,3.92,Percentage
2010-11,Butterfat,,,,4.11,Percentage
1994-06,Butterfat,,,,3.89,Percentage
2020-10,Butterfat,,,,4.28,Percentage
2008-09,Butterfat,,,,4.11,Percentage
2009-11,Protein,,,3.34,,Percentage
2019-09,Butterfat,,,,4.14,Percentage
2007-08,Butterfat,,,,3.97,Percentage
2008-10,Protein,,,3.36,,Percentage
2018-08,Butterfat,,,,3.98,Percentage
2019-10,Protein,,,3.44,,Percentage
2006-07,Butterfat,,,,3.84,Percentage
2009-09,Butterfat,,,,4.0,Percentage
1994-05,Butterfat,,,,3.96,Percentage
2008-08,Butterfat,,,,4.02,Percentage
2019-08,Butterfat,,,,4.03,Percentage
2009-10,Protein,,,3.36,,Percentage
2007-07,Butterfat,,,,3.93,Percentage
2018-07,Butterfat,,,,3.89,Percentage
2006-06,Butterfat,,,,3.83,Percentage
2017-06,Butterfat,,,,3.93,Percentage
2005-05,Butterfat,,,,3.87,Percentage
2016-05,Butterfat,,,,3.99,Percentage
2004-04,Butterfat,,,,4.0,Percentage
2015-04,Butterfat,,,,4.02,Percentage
2003-03,Butterfat,,,,3.98,Percentage
2014-03,Butterfat,,,,4.06,Percentage
1998-09,Butterfat,,,,4.07,Percentage
2002-02,Butterfat,,,,4.03,Percentage
2013-02,Butterfat,,,,4.13,Percentage
1997-08,Butterfat,,,,3.97,Percentage
1999-11,Protein,,,3.37,,Percentage
2001-12,Butterfat,,,,4.11,Percentage
2012-12,Butterfat,,,,4.18,Percentage
2001-01,Butterfat,,,,4.06,Percentage
2012-01,Butterfat,,,,4.14,Percentage
2020-09,Volume,,1163.0,,,Million litres
1998-10,Protein,,,3.41,,Percentage
2000-11,Butterfat,,,,4.16,Percentage
1996-07,Butterfat,,,,3.97,Percentage
2011-11,Butterfat,,,,4.18,Percentage
1995-06,Butterfat,,,,3.95,Percentage
2010-10,Butterfat,,,,4.03,Percentage
1998-08,Butterfat,,,,3.97,Percentage
2002-12,Butterfat,,,,4.08,Percentage
2013-12,Butterfat,,,,4.12,Percentage
2002-01,Butterfat,,,,4.07,Percentage
2013-01,Butterfat,,,,4.11,Percentage
1997-07,Butterfat,,,,3.97,Percentage
2001-11,Butterfat,,,,4.12,Percentage
2012-11,Butterfat,,,,4.2,Percentage
1999-10,Protein,,,3.43,,Percentage
2000-10,Butterfat,,,,4.15,Percentage
1996-06,Butterfat,,,,3.94,Percentage
2011-10,Butterfat,,,,4.13,Percentage
1995-05,Butterfat,,,,3.92,Percentage
2009-08,Butterfat,,,,3.9,Percentage
1994-04,Butterfat,,,,4.08,Percentage
2008-07,Butterfat,,,,3.87,Percentage
2019-07,Butterfat,,,,3.96,Percentage
2007-06,Butterfat,,,,3.89,Percentage
2018-06,Butterfat,,,,3.9,Percentage
2006-05,Butterfat,,,,3.93,Percentage
2017-05,Butterfat,,,,3.95,Percentage
2005-04,Butterfat,,,,4.02,Percentage
2016-04,Butterfat,,,,4.16,Percentage
2004-03,Butterfat,,,,4.05,Percentage
2015-03,Butterfat,,,,4.1,Percentage
1999-09,Butterfat,,,,4.02,Percentage
2003-02,Butterfat,,,,4.02,Percentage
2014-02,Butterfat,,,,4.07,Percentage
2006-04,Butterfat,,,,4.09,Percentage
2017-04,Butterfat,,,,4.06,Percentage
2005-03,Butterfat,,,,4.1,Percentage
2016-03,Butterfat,,,,4.2,Percentage
2004-02,Butterfat,,,,4.0,Percentage
2015-02,Butterfat,,,,4.09,Percentage
2003-12,Butterfat,,,,4.11,Percentage
1999-08,Butterfat,,,,3.94,Percentage
2014-12,Butterfat,,,,4.1,Percentage
2003-01,Butterfat,,,,4.02,Percentage
2014-01,Butterfat,,,,4.07,Percentage
1998-07,Butterfat,,,,3.95,Percentage
2002-11,Butterfat,,,,4.12,Percentage
2013-11,Butterfat,,,,4.18,Percentage
1997-06,Butterfat,,,,3.98,Percentage
2001-10,Butterfat,,,,4.11,Percentage
2012-10,Butterfat,,,,4.19,Percentage
1996-05,Butterfat,,,,3.98,Percentage
1995-04,Butterfat,,,,4.07,Percentage
2009-07,Butterfat,,,,3.83,Percentage
2008-06,Butterfat,,,,3.92,Percentage
2019-06,Butterfat,,,,3.98,Percentage
2007-05,Butterfat,,,,3.92,Percentage
2018-05,Butterfat,,,,3.97,Percentage
2009-06,Butterfat,,,,3.78,Percentage
2008-05,Butterfat,,,,3.9,Percentage
2019-05,Butterfat,,,,3.96,Percentage
2007-04,Butterfat,,,,4.02,Percentage
2018-04,Butterfat,,,,4.13,Percentage
2006-03,Butterfat,,,,4.1,Percentage
2017-03,Butterfat,,,,4.12,Percentage
2005-02,Butterfat,,,,4.08,Percentage
2016-02,Butterfat,,,,4.18,Percentage
2004-12,Butterfat,,,,4.11,Percentage
2015-12,Butterfat,,,,4.13,Percentage
2004-01,Butterfat,,,,4.02,Percentage
2015-01,Butterfat,,,,4.07,Percentage
2003-11,Butterfat,,,,4.18,Percentage
1999-07,Butterfat,,,,3.88,Percentage
1994-12,Butterfat,,,,4.12,Percentage
2014-11,Butterfat,,,,4.11,Percentage
1998-06,Butterfat,,,,4.0,Percentage
2002-10,Butterfat,,,,4.08,Percentage
2013-10,Butterfat,,,,4.08,Percentage
1997-05,Butterfat,,,,4.0,Percentage
1996-04,Butterfat,,,,4.09,Percentage
1995-03,Butterfat,,,,4.12,Percentage
1998-05,Butterfat,,,,3.99,Percentage
1997-04,Butterfat,,,,4.06,Percentage
1996-03,Butterfat,,,,4.13,Percentage
1995-02,Butterfat,,,,4.08,Percentage
2009-05,Butterfat,,,,3.93,Percentage
2008-04,Butterfat,,,,4.09,Percentage
2019-04,Butterfat,,,,4.05,Percentage
2007-03,Butterfat,,,,4.1,Percentage
2018-03,Butterfat,,,,4.21,Percentage
2006-02,Butterfat,,,,4.06,Percentage
2017-02,Butterfat,,,,4.13,Percentage
2005-12,Butterfat,,,,4.15,Percentage
2016-12,Butterfat,,,,4.19,Percentage
2005-01,Butterfat,,,,4.1,Percentage
2016-01,Butterfat,,,,4.15,Percentage
2004-11,Butterfat,,,,4.15,Percentage
2015-11,Butterfat,,,,4.15,Percentage
2003-10,Butterfat,,,,4.14,Percentage
1999-06,Butterfat,,,,3.9,Percentage
1994-11,Butterfat,,,,4.15,Percentage
2014-10,Butterfat,,,,4.08,Percentage
2006-12,Butterfat,,,,4.19,Percentage
2017-12,Butterfat,,,,4.2,Percentage
2006-01,Butterfat,,,,4.1,Percentage
2020-09,Price,0.2901,,,,Pounds per litre
2017-01,Butterfat,,,,4.12,Percentage
2005-11,Butterfat,,,,4.16,Percentage
2016-11,Butterfat,,,,4.25,Percentage
2004-10,Butterfat,,,,4.16,Percentage
2015-10,Butterfat,,,,4.12,Percentage
1999-05,Butterfat,,,,3.92,Percentage
1998-04,Butterfat,,,,4.14,Percentage
1997-03,Butterfat,,,,4.08,Percentage
1996-02,Butterfat,,,,4.13,Percentage
1995-12,Butterfat,,,,4.15,Percentage
1995-01,Butterfat,,,,4.14,Percentage
2009-04,Butterfat,,,,4.04,Percentage
2008-03,Butterfat,,,,4.13,Percentage
2019-03,Butterfat,,,,4.12,Percentage
2007-02,Butterfat,,,,4.08,Percentage
2018-02,Butterfat,,,,4.17,Percentage
1994-10,Butterfat,,,,4.23,Percentage
2009-03,Butterfat,,,,4.1,Percentage
2008-02,Butterfat,,,,4.1,Percentage
2019-02,Butterfat,,,,4.1,Percentage
2007-12,Butterfat,,,,4.2,Percentage
2018-12,Butterfat,,,,4.15,Percentage
2007-01,Butterfat,,,,4.13,Percentage
2018-01,Butterfat,,,,4.16,Percentage
2006-11,Butterfat,,,,4.17,Percentage
2017-11,Butterfat,,,,4.19,Percentage
2010-09,Price,0.2525,,,,Pounds per litre
2005-10,Butterfat,,,,4.11,Percentage
2016-10,Butterfat,,,,4.18,Percentage
2020-08,Price,0.2805,,,,Pounds per litre
1999-04,Butterfat,,,,4.06,Percentage
1998-03,Butterfat,,,,4.1,Percentage
1997-02,Butterfat,,,,4.12,Percentage
1996-12,Butterfat,,,,4.22,Percentage
1996-01,Butterfat,,,,4.11,Percentage
1995-11,Butterfat,,,,4.17,Percentage
1998-02,Butterfat,,,,4.09,Percentage
1997-12,Butterfat,,,,4.13,Percentage
1997-01,Butterfat,,,,4.17,Percentage
1996-11,Butterfat,,,,4.19,Percentage
1995-10,Butterfat,,,,4.15,Percentage
2009-02,Butterfat,,,,4.12,Percentage
2008-12,Butterfat,,,,4.19,Percentage
2019-12,Butterfat,,,,4.26,Percentage
2008-01,Butterfat,,,,4.13,Percentage
2019-01,Butterfat,,,,4.09,Percentage
2007-11,Butterfat,,,,4.23,Percentage
2018-11,Butterfat,,,,4.2,Percentage
2006-10,Butterfat,,,,4.13,Percentage
2017-10,Butterfat,,,,4.18,Percentage
2000-09,Price,0.1751,,,,Pounds per litre
2011-09,Price,0.2813,,,,Pounds per litre
2010-08,Price,0.247,,,,Pounds per litre
1999-03,Butterfat,,,,4.06,Percentage
2020-07,Price,0.2773,,,,Pounds per litre
2001-09,Price,0.2069,,,,Pounds per litre
2012-09,Price,0.275,,,,Pounds per litre
2000-08,Price,0.17920000000000003,,,,Pounds per litre
2011-08,Price,0.2759,,,,Pounds per litre
1999-02,Butterfat,,,,4.07,Percentage
2010-07,Price,0.2429,,,,Pounds per litre
1998-12,Butterfat,,,,4.12,Percentage
1998-01,Butterfat,,,,4.12,Percentage
2020-06,Price,0.27149999999999996,,,,Pounds per litre
1997-11,Butterfat,,,,4.17,Percentage
1996-10,Butterfat,,,,4.17,Percentage
1990-09,Price,0.21760000000000002,,,,Pounds per litre
2009-12,Butterfat,,,,4.1,Percentage
2009-01,Butterfat,,,,4.14,Percentage
2008-11,Butterfat,,,,4.19,Percentage
2019-11,Butterfat,,,,4.31,Percentage
2007-10,Butterfat,,,,4.17,Percentage
2018-10,Butterfat,,,,4.17,Percentage
1980-09,Price,0.1272,,,,Pounds per litre
2009-11,Butterfat,,,,4.08,Percentage
1991-09,Price,0.2359,,,,Pounds per litre
2008-10,Butterfat,,,,4.16,Percentage
1990-08,Price,0.2198,,,,Pounds per litre
2019-10,Butterfat,,,,4.24,Percentage
2002-09,Price,0.1711,,,,Pounds per litre
2013-09,Price,0.3296,,,,Pounds per litre
2001-08,Price,0.20850000000000002,,,,Pounds per litre
2012-08,Price,0.2658,,,,Pounds per litre
1999-12,Butterfat,,,,4.14,Percentage
1999-01,Butterfat,,,,4.08,Percentage
2000-07,Price,0.17620000000000002,,,,Pounds per litre
2011-07,Price,0.2721,,,,Pounds per litre
1998-11,Butterfat,,,,4.15,Percentage
2010-06,Price,0.23850000000000002,,,,Pounds per litre
1997-10,Butterfat,,,,4.16,Percentage
2020-05,Price,0.2671,,,,Pounds per litre
2001-07,Price,0.2043,,,,Pounds per litre
2012-07,Price,0.2632,,,,Pounds per litre
1998-10,Butterfat,,,,4.15,Percentage
2000-06,Price,0.1534,,,,Pounds per litre
2011-06,Price,0.2662,,,,Pounds per litre
2010-05,Price,0.2364,,,,Pounds per litre
2020-04,Price,0.2735,,,,Pounds per litre
1970-09,Price,0.0392,,,,Pounds per litre
2009-10,Butterfat,,,,4.04,Percentage
1981-09,Price,0.1375,,,,Pounds per litre
1992-09,Price,0.2504,,,,Pounds per litre
1980-08,Price,0.12369999999999999,,,,Pounds per litre
1991-08,Price,0.23989999999999997,,,,Pounds per litre
1990-07,Price,0.20829999999999999,,,,Pounds per litre
1999-10,Volume,,1102.0,,,Million litres
2003-09,Price,0.1924,,,,Pounds per litre
2014-09,Price,0.3079,,,,Pounds per litre
2002-08,Price,0.1673,,,,Pounds per litre
2013-08,Price,0.3206,,,,Pounds per litre
1999-11,Butterfat,,,,4.17,Percentage
1980-07,Price,0.1193,,,,Pounds per litre
1991-07,Price,0.2245,,,,Pounds per litre
1998-10,Volume,,1092.0,,,Million litres
1990-06,Price,0.1557,,,,Pounds per litre
1999-11,Volume,,1062.0,,,Million litres
2004-09,Price,0.1948,,,,Pounds per litre
2015-09,Price,0.23800000000000002,,,,Pounds per litre
2003-08,Price,0.1895,,,,Pounds per litre
1999-10,Butterfat,,,,4.15,Percentage
2014-08,Price,0.31129999999999997,,,,Pounds per litre
2002-07,Price,0.16399999999999998,,,,Pounds per litre
2013-07,Price,0.3136,,,,Pounds per litre
2001-06,Price,0.1869,,,,Pounds per litre
2012-06,Price,0.2612,,,,Pounds per litre
2000-05,Price,0.1462,,,,Pounds per litre
2011-05,Price,0.2638,,,,Pounds per litre
2009-10,Volume,,1024.0,,,Million litres
2010-04,Price,0.2357,,,,Pounds per litre
2020-09,Protein,,,3.39,,Percentage
1971-09,Price,0.045,,,,Pounds per litre
1982-09,Price,0.14730000000000001,,,,Pounds per litre
2020-03,Price,0.2857,,,,Pounds per litre
1993-09,Price,0.2605,,,,Pounds per litre
1970-08,Price,0.0371,,,,Pounds per litre
1981-08,Price,0.134,,,,Pounds per litre
1992-08,Price,0.2515,,,,Pounds per litre
2012-05,Price,0.26940000000000003,,,,Pounds per litre
2019-10,Volume,,1192.0,,,Million litres
2008-10,Volume,,1015.0,,,Million litres
2000-04,Price,0.15259999999999999,,,,Pounds per litre
2010-09,Protein,,,3.33,,Percentage
2011-04,Price,0.2641,,,,Pounds per litre
2009-11,Volume,,985.0,,,Million litres
1972-09,Price,0.04650000000000001,,,,Pounds per litre
2010-03,Price,0.24100000000000002,,,,Pounds per litre
1983-09,Price,0.1462,,,,Pounds per litre
2020-08,Protein,,,3.29,,Percentage
1994-09,Price,0.2422,,,,Pounds per litre
1971-08,Price,0.0414,,,,Pounds per litre
1982-08,Price,0.1438,,,,Pounds per litre
2020-02,Price,0.2871,,,,Pounds per litre
1993-08,Price,0.2621,,,,Pounds per litre
1970-07,Price,0.0331,,,,Pounds per litre
1981-07,Price,0.1297,,,,Pounds per litre
1992-07,Price,0.2349,,,,Pounds per litre
1997-10,Volume,,1101.0,,,Million litres
1980-06,Price,0.1155,,,,Pounds per litre
1991-06,Price,0.1689,,,,Pounds per litre
1998-11,Volume,,1039.0,,,Million litres
1999-01,Volume,,1170.0,,,Million litres
2005-09,Price,0.1946,,,,Pounds per litre
1990-05,Price,0.1489,,,,Pounds per litre
2016-09,Price,0.22699999999999998,,,,Pounds per litre
1999-12,Volume,,1119.0,,,Million litres
2004-08,Price,0.185,,,,Pounds per litre
2015-08,Price,0.2343,,,,Pounds per litre
2003-07,Price,0.1821,,,,Pounds per litre
2014-07,Price,0.316,,,,Pounds per litre
2002-06,Price,0.1532,,,,Pounds per litre
2013-06,Price,0.3071,,,,Pounds per litre
2001-05,Price,0.1789,,,,Pounds per litre
2017-09,Price,0.3045,,,,Pounds per litre
1999-02,Volume,,1080.0,,,Million litres
2005-08,Price,0.1864,,,,Pounds per litre
1990-04,Price,0.1668,,,,Pounds per litre
2016-08,Price,0.2147,,,,Pounds per litre
2004-07,Price,0.1827,,,,Pounds per litre
2015-07,Price,0.23629999999999998,,,,Pounds per litre
2003-06,Price,0.16510000000000002,,,,Pounds per litre
2014-06,Price,0.3172,,,,Pounds per litre
2002-05,Price,0.1485,,,,Pounds per litre
2000-09,Protein,,,3.39,,Percentage
2011-09,Protein,,,3.31,,Percentage
2013-05,Price,0.29960000000000003,,,,Pounds per litre
2018-10,Volume,,1200.0,,,Million litres
2007-10,Volume,,1042.0,,,Million litres
2001-04,Price,0.1844,,,,Pounds per litre
2012-04,Price,0.2783,,,,Pounds per litre
2019-11,Volume,,1163.0,,,Million litres
2010-08,Protein,,,3.25,,Percentage
2008-11,Volume,,983.0,,,Million litres
2000-03,Price,0.1661,,,,Pounds per litre
1973-09,Price,0.0508,,,,Pounds per litre
2009-01,Volume,,1071.0,,,Million litres
2011-03,Price,0.2656,,,,Pounds per litre
1984-09,Price,0.1594,,,,Pounds per litre
1995-09,Price,0.261,,,,Pounds per litre
2009-12,Volume,,1047.0,,,Million litres
2020-07,Protein,,,3.28,,Percentage
1972-08,Price,0.043,,,,Pounds per litre
2010-02,Price,0.2419,,,,Pounds per litre
1983-08,Price,0.1417,,,,Pounds per litre
1994-08,Price,0.2427,,,,Pounds per litre
1971-07,Price,0.0373,,,,Pounds per litre
1982-07,Price,0.1396,,,,Pounds per litre
1996-10,Volume,,1076.0,,,Million litres
2020-01,Price,0.2882,,,,Pounds per litre
1993-07,Price,0.24539999999999998,,,,Pounds per litre
1970-06,Price,0.0286,,,,Pounds per litre
1981-06,Price,0.1259,,,,Pounds per litre
1997-11,Volume,,1066.0,,,Million litres
1992-06,Price,0.1754,,,,Pounds per litre
1998-01,Volume,,1167.0,,,Million litres
1980-05,Price,0.11560000000000001,,,,Pounds per litre
2006-09,Price,0.1845,,,,Pounds per litre
1991-05,Price,0.16219999999999998,,,,Pounds per litre
1998-12,Volume,,1127.0,,,Million litres
1973-08,Price,0.0466,,,,Pounds per litre
2009-02,Volume,,981.0,,,Million litres
2020-06,Protein,,,3.27,,Percentage
2000-02,Price,0.1659,,,,Pounds per litre
2011-02,Price,0.2608,,,,Pounds per litre
1984-08,Price,0.15410000000000001,,,,Pounds per litre
1995-08,Price,0.2606,,,,Pounds per litre
2010-12,Price,0.25989999999999996,,,,Pounds per litre
1972-07,Price,0.0391,,,,Pounds per litre
1995-10,Volume,,1163.0,,,Million litres
2010-01,Price,0.24670000000000003,,,,Pounds per litre
1983-07,Price,0.1374,,,,Pounds per litre
1994-07,Price,0.24059999999999998,,,,Pounds per litre
1971-06,Price,0.0326,,,,Pounds per litre
1982-06,Price,0.1358,,,,Pounds per litre
1996-11,Volume,,1030.0,,,Million litres
2020-11,Price,0.3065,,,,Pounds per litre
1993-06,Price,0.18539999999999998,,,,Pounds per litre
1997-01,Volume,,1148.0,,,Million litres
1970-05,Price,0.028999999999999998,,,,Pounds per litre
1981-05,Price,0.126,,,,Pounds per litre
1997-12,Volume,,1140.0,,,Million litres
2007-09,Price,0.2314,,,,Pounds per litre
1992-05,Price,0.17079999999999998,,,,Pounds per litre
1998-02,Volume,,1060.0,,,Million litres
2018-09,Price,0.3061,,,,Pounds per litre
1980-04,Price,0.1247,,,,Pounds per litre
1991-04,Price,0.1804,,,,Pounds per litre
2006-08,Price,0.17600000000000002,,,,Pounds per litre
2017-08,Price,0.2907,,,,Pounds per litre
1999-03,Volume,,1232.0,,,Million litres
2005-07,Price,0.18059999999999998,,,,Pounds per litre
1990-03,Price,0.1791,,,,Pounds per litre
2016-07,Price,0.20800000000000002,,,,Pounds per litre
2004-06,Price,0.1728,,,,Pounds per litre
2001-09,Protein,,,3.42,,Percentage
2015-06,Price,0.23829999999999998,,,,Pounds per litre
2012-09,Protein,,,3.29,,Percentage
2003-05,Price,0.15990000000000001,,,,Pounds per litre
2017-10,Volume,,1191.0,,,Million litres
2014-05,Price,0.32280000000000003,,,,Pounds per litre
2006-10,Volume,,1072.0,,,Million litres
2000-08,Protein,,,3.31,,Percentage
2011-08,Protein,,,3.26,,Percentage
2002-04,Price,0.1598,,,,Pounds per litre
2018-11,Volume,,1174.0,,,Million litres
2007-11,Volume,,1014.0,,,Million litres
2013-04,Price,0.3009,,,,Pounds per litre
2010-07,Protein,,,3.22,,Percentage
2019-01,Volume,,1266.0,,,Million litres
2008-01,Volume,,1101.0,,,Million litres
2019-12,Volume,,1226.0,,,Million litres
2001-03,Price,0.1788,,,,Pounds per litre
1974-09,Price,0.0582,,,,Pounds per litre
1985-09,Price,0.1646,,,,Pounds per litre
2008-12,Volume,,1048.0,,,Million litres
2012-03,Price,0.2865,,,,Pounds per litre
1996-09,Price,0.266,,,,Pounds per litre
1990-02,Price,0.1812,,,,Pounds per litre
2013-09,Protein,,,3.33,,Percentage
2005-06,Price,0.17300000000000001,,,,Pounds per litre
2016-06,Price,0.19949999999999998,,,,Pounds per litre
2001-08,Protein,,,3.29,,Percentage
2016-10,Volume,,1109.0,,,Million litres
2004-05,Price,0.16940000000000002,,,,Pounds per litre
2005-10,Volume,,1077.0,,,Million litres
2012-08,Protein,,,3.22,,Percentage
1994-11,Volume,,1102.0,,,Million litres
2015-05,Price,0.2414,,,,Pounds per litre
2017-11,Volume,,1171.0,,,Million litres
2000-07,Protein,,,3.29,,Percentage
2006-11,Volume,,1032.0,,,Million litres
2003-04,Price,0.1684,,,,Pounds per litre
2011-07,Protein,,,3.23,,Percentage
2014-04,Price,0.33299999999999996,,,,Pounds per litre
2018-01,Volume,,1234.0,,,Million litres
2007-01,Volume,,1130.0,,,Million litres
2018-12,Volume,,1241.0,,,Million litres
1975-09,Price,0.0885,,,,Pounds per litre
2007-12,Volume,,1069.0,,,Million litres
2002-03,Price,0.18,,,,Pounds per litre
2010-06,Protein,,,3.25,,Percentage
2019-02,Volume,,1156.0,,,Million litres
2013-03,Price,0.3007,,,,Pounds per litre
1986-09,Price,0.1721,,,,Pounds per litre
2008-02,Volume,,1044.0,,,Million litres
1997-09,Price,0.2279,,,,Pounds per litre
2001-02,Price,0.1818,,,,Pounds per litre
1974-08,Price,0.054000000000000006,,,,Pounds per litre
2020-05,Protein,,,3.31,,Percentage
2012-02,Price,0.2893,,,,Pounds per litre
1985-08,Price,0.1522,,,,Pounds per litre
2000-12,Price,0.18239999999999998,,,,Pounds per litre
1996-08,Price,0.2687,,,,Pounds per litre
2009-03,Volume,,1122.0,,,Million litres
2011-12,Price,0.2933,,,,Pounds per litre
2000-01,Price,0.1677,,,,Pounds per litre
1973-07,Price,0.0421,,,,Pounds per litre
1984-07,Price,0.1427,,,,Pounds per litre
2011-01,Price,0.25780000000000003,,,,Pounds per litre
1995-07,Price,0.26030000000000003,,,,Pounds per litre
1972-06,Price,0.035699999999999996,,,,Pounds per litre
1995-11,Volume,,1129.0,,,Million litres
2010-11,Price,0.26170000000000004,,,,Pounds per litre
1983-06,Price,0.13449999999999998,,,,Pounds per litre
1996-01,Volume,,1200.0,,,Million litres
1994-06,Price,0.20170000000000002,,,,Pounds per litre
1971-05,Price,0.0322,,,,Pounds per litre
1996-12,Volume,,1106.0,,,Million litres
2020-10,Price,0.30010000000000003,,,,Pounds per litre
1982-05,Price,0.1376,,,,Pounds per litre
1993-05,Price,0.18100000000000002,,,,Pounds per litre
1997-02,Volume,,1064.0,,,Million litres
2008-09,Price,0.27,,,,Pounds per litre
2019-09,Price,0.2921,,,,Pounds per litre
1970-04,Price,0.0373,,,,Pounds per litre
1981-04,Price,0.1343,,,,Pounds per litre
2007-08,Price,0.2071,,,,Pounds per litre
1992-04,Price,0.1898,,,,Pounds per litre
1998-03,Volume,,1165.0,,,Million litres
2018-08,Price,0.2969,,,,Pounds per litre
1980-03,Price,0.128,,,,Pounds per litre
2006-07,Price,0.1718,,,,Pounds per litre
1999-04,Volume,,1242.0,,,Million litres
1991-03,Price,0.1843,,,,Pounds per litre
2017-07,Price,0.2788,,,,Pounds per litre
2002-09,Protein,,,3.38,,Percentage
1995-06,Price,0.23600000000000002,,,,Pounds per litre
1995-12,Volume,,1177.0,,,Million litres
2010-10,Price,0.258,,,,Pounds per litre
1972-05,Price,0.0359,,,,Pounds per litre
1983-05,Price,0.13449999999999998,,,,Pounds per litre
1996-02,Volume,,1074.0,,,Million litres
2009-09,Price,0.24050000000000002,,,,Pounds per litre
1994-05,Price,0.1892,,,,Pounds per litre
1971-04,Price,0.040999999999999995,,,,Pounds per litre
1982-04,Price,0.1441,,,,Pounds per litre
1997-03,Volume,,1200.0,,,Million litres
2008-08,Price,0.26289999999999997,,,,Pounds per litre
1993-04,Price,0.2,,,,Pounds per litre
2019-08,Price,0.2862,,,,Pounds per litre
1970-03,Price,0.0407,,,,Pounds per litre
1981-03,Price,0.1328,,,,Pounds per litre
1998-04,Volume,,1177.0,,,Million litres
1992-03,Price,0.193,,,,Pounds per litre
2003-09,Protein,,,3.39,,Percentage
2007-07,Price,0.19649999999999998,,,,Pounds per litre
2014-09,Protein,,,3.33,,Percentage
2018-07,Price,0.28559999999999997,,,,Pounds per litre
1980-02,Price,0.1292,,,,Pounds per litre
1999-05,Volume,,1339.0,,,Million litres
2002-08,Protein,,,3.29,,Percentage
2006-06,Price,0.16829999999999998,,,,Pounds per litre
1991-02,Price,0.1895,,,,Pounds per litre
2013-08,Protein,,,3.23,,Percentage
2017-06,Price,0.2676,,,,Pounds per litre
2015-10,Volume,,1204.0,,,Million litres
1990-12,Price,0.1813,,,,Pounds per litre
2004-10,Volume,,1074.0,,,Million litres
2001-07,Protein,,,3.26,,Percentage
2005-05,Price,0.1711,,,,Pounds per litre
1990-01,Price,0.183,,,,Pounds per litre
2016-11,Volume,,1078.0,,,Million litres
2012-07,Protein,,,3.2,,Percentage
2016-05,Price,0.20440000000000003,,,,Pounds per litre
2005-11,Volume,,1030.0,,,Million litres
2000-06,Protein,,,3.29,,Percentage
1994-12,Volume,,1131.0,,,Million litres
2004-04,Price,0.177,,,,Pounds per litre
2017-01,Volume,,1216.0,,,Million litres
2015-04,Price,0.2469,,,,Pounds per litre
2006-01,Volume,,1134.0,,,Million litres
2017-12,Volume,,1219.0,,,Million litres
2011-06,Protein,,,3.23,,Percentage
2006-12,Volume,,1095.0,,,Million litres
2018-02,Volume,,1127.0,,,Million litres
2003-03,Price,0.17370000000000002,,,,Pounds per litre
1976-09,Price,0.09820000000000001,,,,Pounds per litre
2007-02,Volume,,1020.0,,,Million litres
2014-03,Price,0.3371,,,,Pounds per litre
2010-05,Protein,,,3.27,,Percentage
1987-09,Price,0.17739999999999997,,,,Pounds per litre
1998-09,Price,0.1998,,,,Pounds per litre
2019-03,Volume,,1329.0,,,Million litres
2002-02,Price,0.18309999999999998,,,,Pounds per litre
1975-08,Price,0.0727,,,,Pounds per litre
1986-08,Price,0.1684,,,,Pounds per litre
2008-03,Volume,,1137.0,,,Million litres
2013-02,Price,0.3007,,,,Pounds per litre
2020-04,Protein,,,3.32,,Percentage
2001-12,Price,0.1959,,,,Pounds per litre
1997-08,Price,0.2369,,,,Pounds per litre
1974-07,Price,0.050499999999999996,,,,Pounds per litre
2012-12,Price,0.3012,,,,Pounds per litre
2001-01,Price,0.1832,,,,Pounds per litre
2012-01,Price,0.2897,,,,Pounds per litre
1985-07,Price,0.1489,,,,Pounds per litre
2009-04,Volume,,1144.0,,,Million litres
2000-11,Price,0.1859,,,,Pounds per litre
1996-07,Price,0.2669,,,,Pounds per litre
2011-11,Price,0.2945,,,,Pounds per litre
1973-06,Price,0.0381,,,,Pounds per litre
1995-01,Volume,,1114.0,,,Million litres
1984-06,Price,0.1233,,,,Pounds per litre
2017-02,Volume,,1118.0,,,Million litres
2011-05,Protein,,,3.24,,Percentage
2006-02,Volume,,1045.0,,,Million litres
2004-03,Price,0.18469999999999998,,,,Pounds per litre
1977-09,Price,0.1013,,,,Pounds per litre
2015-03,Price,0.2505,,,,Pounds per litre
1988-09,Price,0.1928,,,,Pounds per litre
2018-03,Volume,,1268.0,,,Million litres
2010-04,Protein,,,3.23,,Percentage
1999-09,Price,0.19140000000000001,,,,Pounds per litre
1976-08,Price,0.09050000000000001,,,,Pounds per litre
2007-03,Volume,,1170.0,,,Million litres
2003-02,Price,0.1765,,,,Pounds per litre
2014-02,Price,0.3396,,,,Pounds per litre
1987-08,Price,0.17329999999999998,,,,Pounds per litre
2019-04,Volume,,1339.0,,,Million litres
2002-12,Price,0.17739999999999997,,,,Pounds per litre
1998-08,Price,0.20800000000000002,,,,Pounds per litre
2013-12,Price,0.3422,,,,Pounds per litre
2002-01,Price,0.18780000000000002,,,,Pounds per litre
1975-07,Price,0.0684,,,,Pounds per litre
2020-03,Protein,,,3.36,,Percentage
2008-04,Volume,,1139.0,,,Million litres
2013-01,Price,0.3003,,,,Pounds per litre
1986-07,Price,0.1553,,,,Pounds per litre
2001-11,Price,0.2005,,,,Pounds per litre
1997-07,Price,0.23879999999999998,,,,Pounds per litre
2009-05,Volume,,1203.0,,,Million litres
2012-11,Price,0.3003,,,,Pounds per litre
1974-06,Price,0.0467,,,,Pounds per litre
1985-06,Price,0.12869999999999998,,,,Pounds per litre
2000-10,Price,0.188,,,,Pounds per litre
1996-06,Price,0.23829999999999998,,,,Pounds per litre
1973-05,Price,0.038,,,,Pounds per litre
1995-02,Volume,,989.0,,,Million litres
2011-10,Price,0.2909,,,,Pounds per litre
1984-05,Price,0.1217,,,,Pounds per litre
1995-05,Price,0.2208,,,,Pounds per litre
1972-04,Price,0.0446,,,,Pounds per litre
1996-03,Volume,,1101.0,,,Million litres
1983-04,Price,0.14279999999999998,,,,Pounds per litre
2009-08,Price,0.23260000000000003,,,,Pounds per litre
1994-04,Price,0.1931,,,,Pounds per litre
2004-09,Protein,,,3.37,,Percentage
1997-04,Volume,,1257.0,,,Million litres
1971-03,Price,0.0443,,,,Pounds per litre
1982-03,Price,0.14300000000000002,,,,Pounds per litre
2015-09,Protein,,,3.44,,Percentage
2008-07,Price,0.2582,,,,Pounds per litre
1993-03,Price,0.2021,,,,Pounds per litre
1970-02,Price,0.0409,,,,Pounds per litre
2003-08,Protein,,,3.26,,Percentage
2019-07,Price,0.2837,,,,Pounds per litre
1998-05,Volume,,1290.0,,,Million litres
1981-02,Price,0.1341,,,,Pounds per litre
2014-08,Protein,,,3.27,,Percentage
2007-06,Price,0.1808,,,,Pounds per litre
1992-02,Price,0.19519999999999998,,,,Pounds per litre
2014-10,Volume,,1157.0,,,Million litres
2018-06,Price,0.272,,,,Pounds per litre
1999-06,Volume,,1215.0,,,Million litres
1980-12,Price,0.1344,,,,Pounds per litre
2003-10,Volume,,1116.0,,,Million litres
2002-07,Protein,,,3.28,,Percentage
2013-07,Protein,,,3.19,,Percentage
1991-12,Price,0.1977,,,,Pounds per litre
1980-01,Price,0.1241,,,,Pounds per litre
1991-01,Price,0.1898,,,,Pounds per litre
2015-11,Volume,,1164.0,,,Million litres
2006-05,Price,0.16820000000000002,,,,Pounds per litre
2017-05,Price,0.2677,,,,Pounds per litre
2004-11,Volume,,1045.0,,,Million litres
2001-06,Protein,,,3.28,,Percentage
2012-06,Protein,,,3.22,,Percentage
1990-11,Price,0.1818,,,,Pounds per litre
2016-01,Volume,,1225.0,,,Million litres
2005-04,Price,0.1759,,,,Pounds per litre
2005-01,Volume,,1142.0,,,Million litres
2016-12,Volume,,1154.0,,,Million litres
2000-05,Protein,,,3.3,,Percentage
2016-04,Price,0.2164,,,,Pounds per litre
2005-12,Volume,,1098.0,,,Million litres
2004-08,Protein,,,3.26,,Percentage
1983-03,Price,0.15380000000000002,,,,Pounds per litre
2015-08,Protein,,,3.31,,Percentage
2009-07,Price,0.2299,,,,Pounds per litre
1994-03,Price,0.2061,,,,Pounds per litre
1997-05,Volume,,1317.0,,,Million litres
1971-02,Price,0.043899999999999995,,,,Pounds per litre
2003-07,Protein,,,3.26,,Percentage
1982-02,Price,0.14429999999999998,,,,Pounds per litre
2013-10,Volume,,1088.0,,,Million litres
2008-06,Price,0.25,,,,Pounds per litre
1998-06,Volume,,1173.0,,,Million litres
1993-02,Price,0.204,,,,Pounds per litre
1970-12,Price,0.0438,,,,Pounds per litre
2002-10,Volume,,1076.0,,,Million litres
2014-07,Protein,,,3.23,,Percentage
2019-06,Price,0.2799,,,,Pounds per litre
1981-12,Price,0.1446,,,,Pounds per litre
1970-01,Price,0.0408,,,,Pounds per litre
1992-12,Price,0.20989999999999998,,,,Pounds per litre
1981-01,Price,0.13449999999999998,,,,Pounds per litre
2014-11,Volume,,1120.0,,,Million litres
2002-06,Protein,,,3.28,,Percentage
2007-05,Price,0.1753,,,,Pounds per litre
1999-07,Volume,,1212.0,,,Million litres
1992-01,Price,0.1954,,,,Pounds per litre
2003-11,Volume,,1071.0,,,Million litres
2013-06,Protein,,,3.21,,Percentage
2018-05,Price,0.268,,,,Pounds per litre
2015-01,Volume,,1194.0,,,Million litres
1980-11,Price,0.134,,,,Pounds per litre
2004-01,Volume,,1127.0,,,Million litres
1991-11,Price,0.1998,,,,Pounds per litre
2015-12,Volume,,1210.0,,,Million litres
2001-05,Protein,,,3.27,,Percentage
2012-05,Protein,,,3.24,,Percentage
2006-04,Price,0.1734,,,,Pounds per litre
2004-12,Volume,,1115.0,,,Million litres
2017-04,Price,0.2693,,,,Pounds per litre
2016-02,Volume,,1148.0,,,Million litres
2005-02,Volume,,1051.0,,,Million litres
1990-10,Price,0.212,,,,Pounds per litre
2000-04,Protein,,,3.22,,Percentage
2005-03,Price,0.1832,,,,Pounds per litre
2011-04,Protein,,,3.22,,Percentage
1978-09,Price,0.1059,,,,Pounds per litre
2016-03,Price,0.22440000000000002,,,,Pounds per litre
2017-03,Volume,,1284.0,,,Million litres
1989-09,Price,0.2189,,,,Pounds per litre
2006-03,Volume,,1178.0,,,Million litres
2010-03,Protein,,,3.24,,Percentage
2004-02,Price,0.1868,,,,Pounds per litre
1977-08,Price,0.0978,,,,Pounds per litre
2018-04,Volume,,1285.0,,,Million litres
2015-02,Price,0.2606,,,,Pounds per litre
1988-08,Price,0.1945,,,,Pounds per litre
2003-12,Price,0.19149999999999998,,,,Pounds per litre
1999-08,Price,0.198,,,,Pounds per litre
2007-04,Volume,,1204.0,,,Million litres
2014-12,Price,0.2768,,,,Pounds per litre
2003-01,Price,0.17670000000000002,,,,Pounds per litre
1976-07,Price,0.0859,,,,Pounds per litre
2014-01,Price,0.3387,,,,Pounds per litre
1987-07,Price,0.16219999999999998,,,,Pounds per litre
2020-02,Protein,,,3.37,,Percentage
2019-05,Volume,,1395.0,,,Million litres
2008-05,Volume,,1226.0,,,Million litres
2002-11,Price,0.1809,,,,Pounds per litre
1998-07,Price,0.2066,,,,Pounds per litre
1975-06,Price,0.0647,,,,Pounds per litre
2013-11,Price,0.3452,,,,Pounds per litre
1986-06,Price,0.13419999999999999,,,,Pounds per litre
2009-06,Volume,,1130.0,,,Million litres
2001-10,Price,0.2046,,,,Pounds per litre
1997-06,Price,0.2071,,,,Pounds per litre
2012-10,Price,0.29100000000000004,,,,Pounds per litre
1974-05,Price,0.04650000000000001,,,,Pounds per litre
1985-05,Price,0.12710000000000002,,,,Pounds per litre
1996-05,Price,0.2266,,,,Pounds per litre
1995-03,Volume,,1077.0,,,Million litres
1973-04,Price,0.0466,,,,Pounds per litre
1984-04,Price,0.138,,,,Pounds per litre
2005-09,Protein,,,3.33,,Percentage
2016-09,Protein,,,3.32,,Percentage
1995-04,Price,0.22460000000000002,,,,Pounds per litre
1996-04,Volume,,1191.0,,,Million litres
1972-03,Price,0.0472,,,,Pounds per litre
2007-05,Volume,,1258.0,,,Million litres
2015-01,Price,0.2646,,,,Pounds per litre
1988-07,Price,0.1816,,,,Pounds per litre
1999-07,Price,0.19760000000000003,,,,Pounds per litre
2020-01,Protein,,,3.36,,Percentage
2003-11,Price,0.19820000000000002,,,,Pounds per litre
2019-06,Volume,,1288.0,,,Million litres
2014-11,Price,0.2883,,,,Pounds per litre
1976-06,Price,0.0816,,,,Pounds per litre
2008-06,Volume,,1127.0,,,Million litres
1987-06,Price,0.1413,,,,Pounds per litre
2002-10,Price,0.1813,,,,Pounds per litre
1998-06,Price,0.1766,,,,Pounds per litre
2013-10,Price,0.33590000000000003,,,,Pounds per litre
1994-12,Price,0.2409,,,,Pounds per litre
1975-05,Price,0.0647,,,,Pounds per litre
1986-05,Price,0.1328,,,,Pounds per litre
2009-07,Volume,,1101.0,,,Million litres
1997-05,Price,0.1956,,,,Pounds per litre
2006-09,Protein,,,3.35,,Percentage
1974-04,Price,0.055,,,,Pounds per litre
2017-09,Protein,,,3.39,,Percentage
1985-04,Price,0.14279999999999998,,,,Pounds per litre
1995-04,Volume,,1177.0,,,Million litres
2005-08,Protein,,,3.3,,Percentage
1996-04,Price,0.23559999999999998,,,,Pounds per litre
2016-08,Protein,,,3.25,,Percentage
1973-03,Price,0.0475,,,,Pounds per litre
1984-03,Price,0.1531,,,,Pounds per litre
1996-05,Volume,,1310.0,,,Million litres
2004-07,Protein,,,3.25,,Percentage
1995-03,Price,0.2373,,,,Pounds per litre
2015-07,Protein,,,3.31,,Percentage
1972-02,Price,0.0482,,,,Pounds per litre
2012-10,Volume,,994.0,,,Million litres
1997-06,Volume,,1198.0,,,Million litres
1983-02,Price,0.15560000000000002,,,,Pounds per litre
2001-10,Volume,,1074.0,,,Million litres
2003-06,Protein,,,3.3,,Percentage
2009-06,Price,0.22399999999999998,,,,Pounds per litre
1994-02,Price,0.2079,,,,Pounds per litre
1971-12,Price,0.047400000000000005,,,,Pounds per litre
1982-12,Price,0.15539999999999998,,,,Pounds per litre
1971-01,Price,0.0435,,,,Pounds per litre
2013-11,Volume,,1067.0,,,Million litres
2014-06,Protein,,,3.24,,Percentage
1998-07,Volume,,1163.0,,,Million litres
1993-12,Price,0.21530000000000002,,,,Pounds per litre
1982-01,Price,0.1448,,,,Pounds per litre
2002-11,Volume,,1025.0,,,Million litres
2002-05,Protein,,,3.32,,Percentage
2008-05,Price,0.24489999999999998,,,,Pounds per litre
1993-01,Price,0.2069,,,,Pounds per litre
1970-11,Price,0.042300000000000004,,,,Pounds per litre
2014-01,Volume,,1179.0,,,Million litres
2019-05,Price,0.2784,,,,Pounds per litre
2003-01,Volume,,1141.0,,,Million litres
1981-11,Price,0.1442,,,,Pounds per litre
2014-12,Volume,,1156.0,,,Million litres
2013-05,Protein,,,3.22,,Percentage
1999-08,Volume,,1161.0,,,Million litres
1992-11,Price,0.2112,,,,Pounds per litre
2003-12,Volume,,1127.0,,,Million litres
2007-04,Price,0.17550000000000002,,,,Pounds per litre
2015-02,Volume,,1101.0,,,Million litres
2001-04,Protein,,,3.2,,Percentage
2018-04,Price,0.2741,,,,Pounds per litre
2004-02,Volume,,1054.0,,,Million litres
1980-10,Price,0.1329,,,,Pounds per litre
2012-04,Protein,,,3.27,,Percentage
1991-10,Price,0.2345,,,,Pounds per litre
2006-03,Price,0.18109999999999998,,,,Pounds per litre
2016-03,Volume,,1260.0,,,Million litres
1979-09,Price,0.11349999999999999,,,,Pounds per litre
2000-03,Protein,,,3.2,,Percentage
2017-03,Price,0.2748,,,,Pounds per litre
2005-03,Volume,,1198.0,,,Million litres
2011-03,Protein,,,3.24,,Percentage
1995-09,Protein,,,3.29,,Percentage
2017-04,Volume,,1297.0,,,Million litres
2005-02,Price,0.18309999999999998,,,,Pounds per litre
1978-08,Price,0.10220000000000001,,,,Pounds per litre
2016-02,Price,0.23010000000000003,,,,Pounds per litre
2010-02,Protein,,,3.26,,Percentage
1989-08,Price,0.2216,,,,Pounds per litre
2006-04,Volume,,1191.0,,,Million litres
2004-12,Price,0.1893,,,,Pounds per litre
2004-01,Price,0.18760000000000002,,,,Pounds per litre
1977-07,Price,0.0935,,,,Pounds per litre
2018-05,Volume,,1372.0,,,Million litres
2015-12,Price,0.2397,,,,Pounds per litre
2002-04,Protein,,,3.26,,Percentage
1998-08,Volume,,1131.0,,,Million litres
1982-11,Price,0.155,,,,Pounds per litre
2002-12,Volume,,1105.0,,,Million litres
1993-11,Price,0.2192,,,,Pounds per litre
2014-02,Volume,,1099.0,,,Million litres
2013-04,Protein,,,3.21,,Percentage
2008-04,Price,0.2495,,,,Pounds per litre
2003-02,Volume,,1049.0,,,Million litres
1970-10,Price,0.0424,,,,Pounds per litre
1981-10,Price,0.1432,,,,Pounds per litre
2001-03,Protein,,,3.21,,Percentage
2019-04,Price,0.2823,,,,Pounds per litre
1999-09,Volume,,1105.0,,,Million litres
1992-10,Price,0.24609999999999999,,,,Pounds per litre
2015-03,Volume,,1262.0,,,Million litres
2012-03,Protein,,,3.24,,Percentage
1996-09,Protein,,,3.37,,Percentage
2007-03,Price,0.17679999999999998,,,,Pounds per litre
2004-03,Volume,,1152.0,,,Million litres
2018-03,Price,0.2849,,,,Pounds per litre
2000-02,Protein,,,3.21,,Percentage
2016-04,Volume,,1251.0,,,Million litres
2011-02,Protein,,,3.25,,Percentage
2005-04,Volume,,1206.0,,,Million litres
2006-02,Price,0.1834,,,,Pounds per litre
1995-08,Protein,,,3.18,,Percentage
1979-08,Price,0.11,,,,Pounds per litre
2017-02,Price,0.2747,,,,Pounds per litre
2010-12,Protein,,,3.37,,Percentage
2010-01,Protein,,,3.3,,Percentage
2017-05,Volume,,1363.0,,,Million litres
2005-12,Price,0.19260000000000002,,,,Pounds per litre
2006-05,Volume,,1275.0,,,Million litres
2016-12,Price,0.2622,,,,Pounds per litre
2005-01,Price,0.18530000000000002,,,,Pounds per litre
1978-07,Price,0.09789999999999999,,,,Pounds per litre
1989-07,Price,0.20739999999999997,,,,Pounds per litre
2016-01,Price,0.2316,,,,Pounds per litre
2018-06,Volume,,1269.0,,,Million litres
2004-11,Price,0.1949,,,,Pounds per litre
2020-11,Protein,,,3.43,,Percentage
2007-06,Volume,,1147.0,,,Million litres
2015-11,Price,0.24239999999999998,,,,Pounds per litre
1977-06,Price,0.0897,,,,Pounds per litre
1988-06,Price,0.156,,,,Pounds per litre
2019-07,Volume,,1266.0,,,Million litres
2003-10,Price,0.1959,,,,Pounds per litre
1999-06,Price,0.172,,,,Pounds per litre
1976-05,Price,0.0819,,,,Pounds per litre
2007-09,Protein,,,3.39,,Percentage
2008-07,Volume,,1115.0,,,Million litres
2014-10,Price,0.2975,,,,Pounds per litre
1987-05,Price,0.1389,,,,Pounds per litre
2018-09,Protein,,,3.4,,Percentage
1998-05,Price,0.166,,,,Pounds per litre
1994-11,Price,0.2434,,,,Pounds per litre
1975-04,Price,0.0735,,,,Pounds per litre
2006-08,Protein,,,3.24,,Percentage
2009-08,Volume,,1053.0,,,Million litres
1986-04,Price,0.14880000000000002,,,,Pounds per litre
2017-08,Protein,,,3.31,,Percentage
1997-04,Price,0.205,,,,Pounds per litre
2005-07,Protein,,,3.27,,Percentage
1974-03,Price,0.0562,,,,Pounds per litre
1995-05,Volume,,1305.0,,,Million litres
2016-07,Protein,,,3.22,,Percentage
1985-03,Price,0.14980000000000002,,,,Pounds per litre
1996-03,Price,0.2493,,,,Pounds per litre
2011-10,Volume,,1062.0,,,Million litres
1973-02,Price,0.0481,,,,Pounds per litre
1996-06,Volume,,1217.0,,,Million litres
2000-10,Volume,,1043.0,,,Million litres
2004-06,Protein,,,3.24,,Percentage
2015-06,Protein,,,3.3,,Percentage
1984-02,Price,0.155,,,,Pounds per litre
1972-12,Price,0.047599999999999996,,,,Pounds per litre
2012-11,Volume,,974.0,,,Million litres
1995-02,Price,0.2359,,,,Pounds per litre
2003-05,Protein,,,3.34,,Percentage
1997-07,Volume,,1164.0,,,Million litres
1983-12,Price,0.1545,,,,Pounds per litre
1972-01,Price,0.047400000000000005,,,,Pounds per litre
2001-11,Volume,,1064.0,,,Million litres
2014-05,Protein,,,3.25,,Percentage
1983-01,Price,0.1552,,,,Pounds per litre
2013-01,Volume,,1059.0,,,Million litres
2009-05,Price,0.20600000000000002,,,,Pounds per litre
1994-01,Price,0.2104,,,,Pounds per litre
2002-01,Volume,,1175.0,,,Million litres
1971-11,Price,0.047400000000000005,,,,Pounds per litre
2013-12,Volume,,1144.0,,,Million litres
1976-04,Price,0.0906,,,,Pounds per litre
1987-04,Price,0.1535,,,,Pounds per litre
2006-07,Protein,,,3.19,,Percentage
2009-09,Volume,,994.0,,,Million litres
1998-04,Price,0.1757,,,,Pounds per litre
2017-07,Protein,,,3.24,,Percentage
1975-03,Price,0.0762,,,,Pounds per litre
2010-10,Volume,,1076.0,,,Million litres
2005-06,Protein,,,3.26,,Percentage
1986-03,Price,0.15039999999999998,,,,Pounds per litre
1997-03,Price,0.2368,,,,Pounds per litre
1995-06,Volume,,1195.0,,,Million litres
2016-06,Protein,,,3.23,,Percentage
1974-02,Price,0.0646,,,,Pounds per litre
2011-11,Volume,,1035.0,,,Million litres
2004-05,Protein,,,3.25,,Percentage
1985-02,Price,0.1536,,,,Pounds per litre
2015-05,Protein,,,3.31,,Percentage
1996-02,Price,0.2462,,,,Pounds per litre
1996-07,Volume,,1156.0,,,Million litres
1973-12,Price,0.0646,,,,Pounds per litre
2000-11,Volume,,1006.0,,,Million litres
2012-01,Volume,,1118.0,,,Million litres
1984-12,Price,0.1532,,,,Pounds per litre
1973-01,Price,0.0478,,,,Pounds per litre
1995-12,Price,0.2506,,,,Pounds per litre
1984-01,Price,0.1548,,,,Pounds per litre
2001-01,Volume,,1142.0,,,Million litres
2012-12,Volume,,1039.0,,,Million litres
2020-09,Butterfat,,,,4.15,Percentage
2003-04,Protein,,,3.26,,Percentage
2014-04,Protein,,,3.27,,Percentage
1995-01,Price,0.23809999999999998,,,,Pounds per litre
1997-08,Volume,,1123.0,,,Million litres
1972-11,Price,0.047400000000000005,,,,Pounds per litre
2001-12,Volume,,1137.0,,,Million litres
1983-11,Price,0.15410000000000001,,,,Pounds per litre
2013-02,Volume,,978.0,,,Million litres
2002-02,Volume,,1084.0,,,Million litres
2002-03,Protein,,,3.23,,Percentage
1971-10,Price,0.045599999999999995,,,,Pounds per litre
2013-03,Protein,,,3.23,,Percentage
2009-04,Price,0.2325,,,,Pounds per litre
1998-09,Volume,,1073.0,,,Million litres
1982-10,Price,0.15439999999999998,,,,Pounds per litre
2014-03,Volume,,1257.0,,,Million litres
1997-09,Protein,,,3.38,,Percentage
2001-02,Protein,,,3.21,,Percentage
2003-03,Volume,,1214.0,,,Million litres
1993-10,Price,0.256,,,,Pounds per litre
2008-03,Price,0.25730000000000003,,,,Pounds per litre
2012-02,Protein,,,3.26,,Percentage
2019-03,Price,0.2891,,,,Pounds per litre
2015-04,Volume,,1293.0,,,Million litres
2000-12,Protein,,,3.28,,Percentage
1996-08,Protein,,,3.28,,Percentage
2004-04,Volume,,1209.0,,,Million litres
2011-12,Protein,,,3.31,,Percentage
2000-01,Protein,,,3.24,,Percentage
2007-02,Price,0.17809999999999998,,,,Pounds per litre
2011-01,Protein,,,3.28,,Percentage
1995-07,Protein,,,3.2,,Percentage
2018-02,Price,0.29410000000000003,,,,Pounds per litre
2016-05,Volume,,1321.0,,,Million litres
2005-05,Volume,,1279.0,,,Million litres
2010-11,Protein,,,3.36,,Percentage
2006-12,Price,0.1857,,,,Pounds per litre
1979-07,Price,0.10550000000000001,,,,Pounds per litre
2017-12,Price,0.31620000000000004,,,,Pounds per litre
2006-01,Price,0.1865,,,,Pounds per litre
2017-06,Volume,,1266.0,,,Million litres
2017-01,Price,0.2695,,,,Pounds per litre
2006-06,Volume,,1178.0,,,Million litres
2005-11,Price,0.19760000000000003,,,,Pounds per litre
2016-11,Price,0.2554,,,,Pounds per litre
1978-06,Price,0.09449999999999999,,,,Pounds per litre
2020-10,Protein,,,3.44,,Percentage
2008-09,Protein,,,3.35,,Percentage
2018-07,Volume,,1230.0,,,Million litres
1989-06,Price,0.1565,,,,Pounds per litre
2019-09,Protein,,,3.41,,Percentage
2007-07,Volume,,1098.0,,,Million litres
2004-10,Price,0.19510000000000002,,,,Pounds per litre
2015-10,Price,0.245,,,,Pounds per litre
1977-05,Price,0.0897,,,,Pounds per litre
1988-05,Price,0.1505,,,,Pounds per litre
2007-08,Protein,,,3.31,,Percentage
2019-08,Volume,,1206.0,,,Million litres
1999-05,Price,0.1638,,,,Pounds per litre
2018-08,Protein,,,3.28,,Percentage
2008-08,Volume,,1057.0,,,Million litres
2008-02,Price,0.2562,,,,Pounds per litre
2015-05,Volume,,1380.0,,,Million litres
2011-11,Protein,,,3.33,,Percentage
2004-05,Volume,,1306.0,,,Million litres
2019-02,Price,0.29350000000000004,,,,Pounds per litre
2007-12,Price,0.266,,,,Pounds per litre
1995-06,Protein,,,3.31,,Percentage
2010-10,Protein,,,3.36,,Percentage
2018-12,Price,0.3042,,,,Pounds per litre
2016-06,Volume,,1208.0,,,Million litres
2007-01,Price,0.18030000000000002,,,,Pounds per litre
2005-06,Volume,,1187.0,,,Million litres
2018-01,Price,0.3036,,,,Pounds per litre
2006-11,Price,0.19,,,,Pounds per litre
2009-09,Protein,,,3.32,,Percentage
2017-07,Volume,,1222.0,,,Million litres
2017-11,Price,0.3195,,,,Pounds per litre
1979-06,Price,0.1017,,,,Pounds per litre
2006-07,Volume,,1155.0,,,Million litres
2008-08,Protein,,,3.29,,Percentage
2005-10,Price,0.1971,,,,Pounds per litre
1978-05,Price,0.0944,,,,Pounds per litre
2019-08,Protein,,,3.31,,Percentage
2018-08,Volume,,1196.0,,,Million litres
2016-10,Price,0.242,,,,Pounds per litre
1989-05,Price,0.1491,,,,Pounds per litre
2007-08,Volume,,1074.0,,,Million litres
2007-07,Protein,,,3.26,,Percentage
1977-04,Price,0.098,,,,Pounds per litre
2018-07,Protein,,,3.21,,Percentage
2019-09,Volume,,1157.0,,,Million litres
2008-09,Volume,,973.0,,,Million litres
1988-04,Price,0.1668,,,,Pounds per litre
1999-04,Price,0.1753,,,,Pounds per litre
2006-06,Protein,,,3.23,,Percentage
2020-10,Volume,,1203.0,,,Million litres
2017-06,Protein,,,3.24,,Percentage
1976-03,Price,0.0863,,,,Pounds per litre
1987-03,Price,0.1605,,,,Pounds per litre
2010-09,Butterfat,,,,3.92,Percentage
2005-05,Protein,,,3.29,,Percentage
1998-03,Price,0.19699999999999998,,,,Pounds per litre
2010-11,Volume,,1028.0,,,Million litres
2016-05,Protein,,,3.28,,Percentage
1975-02,Price,0.0776,,,,Pounds per litre
1986-02,Price,0.1547,,,,Pounds per litre
1995-07,Volume,,1154.0,,,Million litres
2011-01,Volume,,1096.0,,,Million litres
2004-04,Protein,,,3.19,,Percentage
1997-02,Price,0.2373,,,,Pounds per litre
1974-12,Price,0.07690000000000001,,,,Pounds per litre
1985-12,Price,0.1576,,,,Pounds per litre
1974-01,Price,0.0653,,,,Pounds per litre
2000-01,Volume,,1149.0,,,Million litres
2011-12,Volume,,1098.0,,,Million litres
2020-08,Butterfat,,,,4.04,Percentage
2015-04,Protein,,,3.29,,Percentage
1996-12,Price,0.2443,,,,Pounds per litre
1996-08,Volume,,1113.0,,,Million litres
1985-01,Price,0.1536,,,,Pounds per litre
2000-12,Volume,,1103.0,,,Million litres
1996-01,Price,0.2459,,,,Pounds per litre
1973-11,Price,0.0646,,,,Pounds per litre
2012-02,Volume,,1057.0,,,Million litres
2003-03,Protein,,,3.21,,Percentage
1984-11,Price,0.1548,,,,Pounds per litre
2001-02,Volume,,1062.0,,,Million litres
2014-03,Protein,,,3.26,,Percentage
1998-09,Protein,,,3.4,,Percentage
1995-11,Price,0.25129999999999997,,,,Pounds per litre
1997-09,Volume,,1070.0,,,Million litres
2013-03,Volume,,1112.0,,,Million litres
1972-10,Price,0.0467,,,,Pounds per litre
2002-02,Protein,,,3.22,,Percentage
2013-02,Protein,,,3.23,,Percentage
2002-03,Volume,,1229.0,,,Million litres
1983-10,Price,0.1527,,,,Pounds per litre
1994-10,Price,0.2339,,,,Pounds per litre
2001-12,Protein,,,3.34,,Percentage
1997-08,Protein,,,3.28,,Percentage
2009-03,Price,0.2437,,,,Pounds per litre
2014-04,Volume,,1279.0,,,Million litres
2012-12,Protein,,,3.3,,Percentage
2001-01,Protein,,,3.24,,Percentage
2003-04,Volume,,1271.0,,,Million litres
2012-01,Protein,,,3.27,,Percentage
2000-11,Protein,,,3.33,,Percentage
1996-07,Protein,,,3.32,,Percentage
1998-02,Price,0.1977,,,,Pounds per litre
1975-12,Price,0.0874,,,,Pounds per litre
2010-12,Volume,,1072.0,,,Million litres
2020-07,Butterfat,,,,3.98,Percentage
2004-03,Protein,,,3.18,,Percentage
1986-12,Price,0.1648,,,,Pounds per litre
1995-08,Volume,,1109.0,,,Million litres
1975-01,Price,0.0779,,,,Pounds per litre
1986-01,Price,0.1573,,,,Pounds per litre
2011-02,Volume,,1023.0,,,Million litres
2015-03,Protein,,,3.28,,Percentage
1997-12,Price,0.2009,,,,Pounds per litre
1999-09,Protein,,,3.4,,Percentage
1997-01,Price,0.24100000000000002,,,,Pounds per litre
1974-11,Price,0.07690000000000001,,,,Pounds per litre
2000-02,Volume,,1076.0,,,Million litres
2003-02,Protein,,,3.25,,Percentage
1985-11,Price,0.16190000000000002,,,,Pounds per litre
1996-09,Volume,,1078.0,,,Million litres
1996-11,Price,0.2464,,,,Pounds per litre
2012-03,Volume,,1198.0,,,Million litres
2014-02,Protein,,,3.27,,Percentage
2002-12,Protein,,,3.3,,Percentage
1998-08,Protein,,,3.35,,Percentage
2001-03,Volume,,1191.0,,,Million litres
1973-10,Price,0.051500000000000004,,,,Pounds per litre
1984-10,Price,0.158,,,,Pounds per litre
2013-12,Protein,,,3.33,,Percentage
2002-01,Protein,,,3.28,,Percentage
1995-10,Price,0.263,,,,Pounds per litre
2013-04,Volume,,1112.0,,,Million litres
2013-01,Protein,,,3.23,,Percentage
2002-04,Volume,,1273.0,,,Million litres
2001-11,Protein,,,3.38,,Percentage
1997-07,Protein,,,3.3,,Percentage
2012-11,Protein,,,3.34,,Percentage
2014-05,Volume,,1333.0,,,Million litres
2009-02,Price,0.2468,,,,Pounds per litre
2003-05,Volume,,1367.0,,,Million litres
2000-10,Protein,,,3.37,,Percentage
1996-06,Protein,,,3.33,,Percentage
2011-10,Protein,,,3.32,,Percentage
2008-12,Price,0.2636,,,,Pounds per litre
2015-06,Volume,,1302.0,,,Million litres
2019-12,Price,0.29410000000000003,,,,Pounds per litre
2004-06,Volume,,1208.0,,,Million litres
2008-01,Price,0.2581,,,,Pounds per litre
1995-05,Protein,,,3.29,,Percentage
2019-01,Price,0.2961,,,,Pounds per litre
2016-07,Volume,,1165.0,,,Million litres
2007-11,Price,0.2727,,,,Pounds per litre
2009-08,Protein,,,3.26,,Percentage
2005-07,Volume,,1163.0,,,Million litres
2018-11,Price,0.316,,,,Pounds per litre
2017-08,Volume,,1205.0,,,Million litres
2006-10,Price,0.1882,,,,Pounds per litre
2017-10,Price,0.3181,,,,Pounds per litre
1979-05,Price,0.10189999999999999,,,,Pounds per litre
2008-07,Protein,,,3.25,,Percentage
2006-08,Volume,,1103.0,,,Million litres
2019-07,Protein,,,3.3,,Percentage
2018-09,Volume,,1154.0,,,Million litres
2000-09,Butterfat,,,,4.04,Percentage
2007-09,Volume,,1027.0,,,Million litres
1978-04,Price,0.1015,,,,Pounds per litre
2007-06,Protein,,,3.28,,Percentage
1989-04,Price,0.16440000000000002,,,,Pounds per litre
2018-06,Protein,,,3.23,,Percentage
2011-09,Butterfat,,,,4.1,Percentage
1977-03,Price,0.1005,,,,Pounds per litre
2006-05,Protein,,,3.24,,Percentage
2010-08,Butterfat,,,,3.85,Percentage
2017-05,Protein,,,3.29,,Percentage
1988-03,Price,0.16519999999999999,,,,Pounds per litre
2020-11,Volume,,1187.0,,,Million litres
1999-03,Price,0.18899999999999997,,,,Pounds per litre
2005-04,Protein,,,3.21,,Percentage
1976-02,Price,0.0876,,,,Pounds per litre
2010-01,Volume,,1051.0,,,Million litres
2016-04,Protein,,,3.27,,Percentage
1987-02,Price,0.16329999999999997,,,,Pounds per litre
2007-10,Price,0.2651,,,,Pounds per litre
2001-09,Butterfat,,,,4.01,Percentage
2005-08,Volume,,1136.0,,,Million litres
2012-09,Butterfat,,,,4.11,Percentage
2018-10,Price,0.3146,,,,Pounds per litre
2008-06,Protein,,,3.25,,Percentage
2017-09,Volume,,1156.0,,,Million litres
2000-08,Butterfat,,,,3.92,Percentage
2006-09,Volume,,1059.0,,,Million litres
2019-06,Protein,,,3.33,,Percentage
1979-04,Price,0.1105,,,,Pounds per litre
2011-08,Butterfat,,,,4.0,Percentage
2007-05,Protein,,,3.33,,Percentage
2018-05,Protein,,,3.27,,Percentage
2010-07,Butterfat,,,,3.82,Percentage
1978-03,Price,0.1012,,,,Pounds per litre
1989-03,Price,0.1771,,,,Pounds per litre
2006-04,Protein,,,3.21,,Percentage
2017-04,Protein,,,3.29,,Percentage
2020-01,Volume,,1248.0,,,Million litres
1977-02,Price,0.10099999999999999,,,,Pounds per litre
1988-02,Price,0.1672,,,,Pounds per litre
2020-06,Butterfat,,,,3.99,Percentage
2005-03,Protein,,,3.2,,Percentage
2016-03,Protein,,,3.29,,Percentage
1999-02,Price,0.1895,,,,Pounds per litre
1976-12,Price,0.1003,,,,Pounds per litre
1976-01,Price,0.08800000000000001,,,,Pounds per litre
2010-02,Volume,,978.0,,,Million litres
1987-12,Price,0.1697,,,,Pounds per litre
2004-02,Protein,,,3.19,,Percentage
1998-12,Price,0.1923,,,,Pounds per litre
1987-01,Price,0.16449999999999998,,,,Pounds per litre
2015-02,Protein,,,3.27,,Percentage
1998-01,Price,0.1996,,,,Pounds per litre
1995-09,Volume,,1080.0,,,Million litres
1975-11,Price,0.08689999999999999,,,,Pounds per litre
1986-11,Price,0.1678,,,,Pounds per litre
2011-03,Volume,,1167.0,,,Million litres
2003-12,Protein,,,3.27,,Percentage
1999-08,Protein,,,3.32,,Percentage
2014-12,Protein,,,3.31,,Percentage
2003-01,Protein,,,3.25,,Percentage
1997-11,Price,0.2039,,,,Pounds per litre
2000-03,Volume,,1148.0,,,Million litres
1974-10,Price,0.0761,,,,Pounds per litre
2014-01,Protein,,,3.29,,Percentage
1998-07,Protein,,,3.33,,Percentage
1985-10,Price,0.1623,,,,Pounds per litre
2012-04,Volume,,1204.0,,,Million litres
2002-11,Protein,,,3.35,,Percentage
2001-04,Volume,,1168.0,,,Million litres
2013-11,Protein,,,3.35,,Percentage
1996-10,Price,0.2562,,,,Pounds per litre
2001-10,Protein,,,3.39,,Percentage
1997-06,Protein,,,3.33,,Percentage
2013-05,Volume,,1234.0,,,Million litres
2002-05,Volume,,1354.0,,,Million litres
2012-10,Protein,,,3.33,,Percentage
2014-06,Volume,,1241.0,,,Million litres
1996-05,Protein,,,3.36,,Percentage
2009-12,Price,0.247,,,,Pounds per litre
2003-06,Volume,,1266.0,,,Million litres
2009-01,Price,0.2556,,,,Pounds per litre
2015-07,Volume,,1267.0,,,Million litres
1995-04,Protein,,,3.16,,Percentage
2004-07,Volume,,1203.0,,,Million litres
2008-11,Price,0.2708,,,,Pounds per litre
2019-11,Price,0.2987,,,,Pounds per litre
2009-07,Protein,,,3.22,,Percentage
2016-08,Volume,,1126.0,,,Million litres
